-- --------------------------------------------------------
-- Host:                         127.0.0.1
-- Server version:               11.3.2-MariaDB - mariadb.org binary distribution
-- Server OS:                    Win64
-- HeidiSQL Version:             12.6.0.6765
-- --------------------------------------------------------

/*!40101 SET @OLD_CHARACTER_SET_CLIENT=@@CHARACTER_SET_CLIENT */;
/*!40101 SET NAMES utf8 */;
/*!50503 SET NAMES utf8mb4 */;
/*!40103 SET @OLD_TIME_ZONE=@@TIME_ZONE */;
/*!40103 SET TIME_ZONE='+00:00' */;
/*!40014 SET @OLD_FOREIGN_KEY_CHECKS=@@FOREIGN_KEY_CHECKS, FOREIGN_KEY_CHECKS=0 */;
/*!40101 SET @OLD_SQL_MODE=@@SQL_MODE, SQL_MODE='NO_AUTO_VALUE_ON_ZERO' */;
/*!40111 SET @OLD_SQL_NOTES=@@SQL_NOTES, SQL_NOTES=0 */;


-- Dumping database structure for CookLog
CREATE DATABASE IF NOT EXISTS `CookLog` /*!40100 DEFAULT CHARACTER SET latin1 COLLATE latin1_swedish_ci */;
USE `CookLog`;

-- Dumping structure for table CookLog.cook
CREATE OR REPLACE TABLE `cook` (
  `ID` bigint(20) unsigned NOT NULL AUTO_INCREMENT,
  `Date` date NOT NULL DEFAULT curdate(),
  `Time` time NOT NULL DEFAULT curtime(),
  `ItemID` mediumint(8) unsigned NOT NULL,
  `Temp` tinyint(3) unsigned NOT NULL,
  `Person` smallint(5) unsigned NOT NULL,
  `Comment` varchar(75) DEFAULT NULL,
  PRIMARY KEY (`ID`) USING BTREE,
  KEY `FK__items)_i` (`ItemID`) USING BTREE,
  KEY `FK_cook_work.people_i` (`Person`) USING BTREE,
  CONSTRAINT `FK__items` FOREIGN KEY (`ItemID`) REFERENCES `items` (`ID`) ON DELETE NO ACTION ON UPDATE NO ACTION,
  CONSTRAINT `FK_cook_work.people` FOREIGN KEY (`Person`) REFERENCES `Work`.`people` (`ID`) ON DELETE NO ACTION ON UPDATE NO ACTION
) ENGINE=InnoDB AUTO_INCREMENT=329 DEFAULT CHARSET=latin1 COLLATE=latin1_swedish_ci;

-- Dumping data for table CookLog.cook: ~327 rows (approximately)
INSERT IGNORE INTO `cook` (`ID`, `Date`, `Time`, `ItemID`, `Temp`, `Person`, `Comment`) VALUES
	(1, '2024-02-10', '15:20:24', 3, 200, 3, NULL),
	(2, '2024-02-10', '15:39:43', 6, 183, 8, NULL),
	(3, '2024-02-10', '03:50:00', 3, 201, 3, NULL),
	(4, '2024-02-10', '18:17:23', 22, 172, 8, NULL),
	(5, '2024-02-10', '18:28:33', 3, 210, 8, NULL),
	(6, '2024-02-10', '17:20:00', 3, 209, 3, NULL),
	(7, '2024-02-10', '18:37:20', 11, 210, 8, NULL),
	(8, '2024-02-10', '18:42:28', 3, 209, 8, NULL),
	(9, '2024-02-11', '18:30:03', 3, 200, 8, NULL),
	(10, '2024-02-13', '14:10:25', 22, 204, 8, NULL),
	(11, '2024-02-13', '14:10:44', 11, 200, 8, NULL),
	(12, '2024-02-13', '10:20:00', 3, 198, 2, NULL),
	(13, '2024-02-13', '16:11:30', 2, 207, 1, NULL),
	(14, '2024-02-14', '13:38:26', 22, 213, 8, NULL),
	(15, '2024-02-14', '15:58:40', 3, 201, 1, NULL),
	(16, '2024-02-14', '16:20:23', 3, 203, 1, NULL),
	(17, '2024-02-14', '16:42:40', 11, 196, 1, NULL),
	(18, '2024-02-14', '16:51:15', 11, 207, 1, NULL),
	(19, '2024-02-14', '16:54:55', 3, 208, 1, NULL),
	(20, '2024-02-14', '17:41:30', 3, 204, 1, NULL),
	(21, '2024-02-15', '09:17:44', 11, 205, 8, NULL),
	(22, '2024-02-15', '09:25:05', 22, 215, 8, NULL),
	(23, '2024-02-15', '09:33:19', 14, 200, 8, NULL),
	(24, '2024-02-15', '09:33:27', 8, 200, 8, NULL),
	(25, '2024-02-15', '10:26:07', 18, 197, 8, NULL),
	(26, '2024-02-15', '09:49:02', 5, 170, 8, NULL),
	(27, '2024-02-15', '09:50:45', 13, 200, 8, NULL),
	(28, '2024-02-15', '09:51:46', 2, 199, 8, NULL),
	(29, '2024-02-15', '10:00:55', 3, 204, 8, NULL),
	(30, '2024-02-15', '10:59:21', 17, 204, 8, NULL),
	(31, '2024-02-15', '11:16:56', 3, 205, 8, NULL),
	(32, '2024-02-15', '12:23:49', 22, 178, 5, NULL),
	(33, '2024-02-15', '12:58:27', 17, 195, 5, NULL),
	(34, '2024-02-15', '15:10:14', 2, 208, 8, NULL),
	(35, '2024-02-15', '14:12:47', 11, 213, 8, NULL),
	(36, '2024-02-15', '14:35:32', 3, 206, 8, NULL),
	(37, '2024-02-15', '14:36:14', 3, 200, 8, NULL),
	(38, '2024-02-15', '15:19:26', 18, 184, 8, NULL),
	(39, '2024-02-15', '15:32:59', 3, 200, 8, NULL),
	(40, '2024-02-15', '15:33:38', 3, 212, 8, NULL),
	(41, '2024-02-16', '16:44:56', 7, 205, 1, NULL),
	(42, '2024-02-17', '13:02:43', 7, 203, 8, NULL),
	(43, '2024-02-17', '13:13:07', 3, 206, 8, NULL),
	(44, '2024-02-17', '14:21:43', 11, 214, 8, NULL),
	(45, '2024-02-17', '15:14:35', 3, 210, 8, NULL),
	(46, '2024-02-17', '17:13:01', 22, 200, 8, NULL),
	(47, '2024-02-17', '17:21:51', 11, 217, 8, NULL),
	(48, '2024-02-17', '17:25:32', 7, 208, 8, NULL),
	(49, '2024-02-17', '17:49:36', 3, 200, 8, NULL),
	(50, '2024-02-10', '15:07:24', 11, 212, 8, NULL),
	(51, '2024-02-18', '16:36:16', 3, 204, 8, NULL),
	(52, '2024-02-18', '16:49:38', 22, 200, 8, NULL),
	(53, '2024-02-18', '09:58:52', 22, 212, 3, NULL),
	(54, '2024-02-18', '10:24:11', 3, 193, 3, NULL),
	(55, '2024-02-18', '10:24:27', 3, 200, 3, NULL),
	(56, '2024-02-18', '13:02:29', 3, 208, 3, NULL),
	(57, '2024-02-18', '17:26:37', 3, 198, 1, NULL),
	(58, '2024-02-19', '09:09:01', 11, 200, 8, NULL),
	(59, '2024-02-19', '09:34:12', 22, 200, 8, NULL),
	(60, '2024-02-19', '09:40:48', 21, 202, 8, NULL),
	(61, '2024-02-19', '09:45:48', 13, 200, 8, NULL),
	(62, '2024-02-19', '09:46:49', 2, 196, 8, NULL),
	(63, '2024-02-19', '09:54:30', 3, 200, 8, NULL),
	(64, '2024-02-19', '11:08:54', 22, 196, 8, NULL),
	(65, '2024-02-19', '11:50:05', 20, 180, 8, NULL),
	(66, '2024-02-19', '12:21:08', 3, 209, 8, NULL),
	(67, '2024-02-19', '12:47:14', 2, 190, 8, NULL),
	(68, '2024-02-19', '13:00:31', 9, 170, 8, NULL),
	(69, '2024-02-19', '01:58:00', 3, 193, 5, NULL),
	(70, '2024-02-19', '14:03:37', 3, 183, 5, NULL),
	(71, '2024-02-19', '15:11:49', 18, 193, 8, NULL),
	(72, '2024-02-19', '15:56:06', 3, 223, 8, NULL),
	(73, '2024-02-19', '16:10:06', 11, 208, 8, NULL),
	(74, '2024-02-19', '16:33:38', 3, 222, 8, NULL),
	(75, '2024-02-19', '16:57:08', 3, 208, 3, NULL),
	(76, '2024-02-19', '17:11:46', 3, 207, 3, NULL),
	(77, '2024-02-19', '18:05:06', 3, 200, 3, NULL),
	(78, '2024-02-21', '08:56:57', 22, 200, 8, NULL),
	(79, '2024-02-21', '09:02:27', 13, 170, 8, NULL),
	(80, '2024-02-21', '09:05:31', 11, 203, 8, NULL),
	(81, '2024-02-21', '09:29:40', 5, 183, 8, NULL),
	(82, '2024-02-21', '09:42:02', 9, 190, 8, NULL),
	(83, '2024-02-21', '09:42:40', 2, 200, 8, NULL),
	(84, '2024-02-21', '09:49:49', 3, 190, 8, NULL),
	(85, '2024-02-21', '09:56:01', 2, 190, 8, NULL),
	(86, '2024-02-21', '11:33:35', 3, 211, 8, NULL),
	(87, '2024-02-21', '12:29:27', 3, 210, 8, NULL),
	(88, '2024-02-21', '12:31:22', 5, 165, 8, NULL),
	(89, '2024-02-21', '12:50:43', 3, 220, 8, NULL),
	(90, '2024-02-21', '16:43:52', 11, 206, 1, NULL),
	(91, '2024-02-21', '16:52:51', 3, 205, 3, NULL),
	(92, '2024-02-21', '17:32:07', 3, 204, 1, NULL),
	(93, '2024-02-21', '17:37:26', 22, 204, 1, NULL),
	(94, '2024-02-24', '15:24:12', 3, 184, 8, NULL),
	(95, '2024-02-24', '15:24:33', 2, 200, 8, NULL),
	(96, '2024-02-22', '17:28:00', 22, 209, 1, NULL),
	(97, '2024-02-24', '15:50:39', 18, 200, 8, NULL),
	(98, '2024-02-22', '17:59:00', 22, 205, 1, NULL),
	(99, '2024-02-22', '18:00:00', 3, 210, 1, NULL),
	(100, '2024-02-25', '15:07:10', 2, 193, 8, NULL),
	(101, '2024-02-25', '15:24:36', 22, 193, 1, NULL),
	(102, '2024-02-23', '17:30:00', 7, 200, 1, NULL),
	(103, '2024-02-23', '17:50:00', 3, 203, 1, NULL),
	(104, '2024-02-24', '13:32:00', 3, 195, 5, NULL),
	(105, '2024-02-25', '16:26:19', 3, 209, 8, NULL),
	(106, '2024-02-25', '16:55:27', 3, 198, 1, NULL),
	(107, '2024-02-25', '17:08:59', 3, 200, 8, NULL),
	(108, '2024-02-25', '17:48:29', 18, 200, 8, NULL),
	(109, '2024-02-25', '17:48:42', 11, 212, 8, NULL),
	(110, '2024-02-25', '18:35:42', 22, 212, 8, NULL),
	(111, '2024-02-26', '10:30:14', 3, 200, 8, NULL),
	(112, '2024-02-26', '10:30:41', 3, 200, 8, NULL),
	(113, '2024-02-26', '10:42:26', 10, 180, 8, NULL),
	(114, '2024-02-26', '15:19:32', 5, 190, 8, NULL),
	(115, '2024-02-26', '16:28:59', 3, 210, 8, NULL),
	(116, '2024-02-26', '17:15:56', 3, 204, 3, NULL),
	(118, '2024-02-27', '17:00:14', 3, 203, 1, NULL),
	(119, '2024-02-27', '17:20:38', 3, 209, 1, NULL),
	(120, '2024-02-27', '17:30:18', 3, 204, 1, NULL),
	(121, '2024-02-27', '17:40:45', 22, 205, 3, NULL),
	(122, '2024-02-28', '10:26:38', 3, 165, 11, NULL),
	(123, '2024-02-28', '10:26:44', 18, 181, 11, NULL),
	(124, '2024-02-28', '11:42:08', 11, 165, 11, NULL),
	(125, '2024-02-28', '11:47:32', 22, 212, 8, NULL),
	(126, '2024-02-28', '11:49:12', 19, 242, 8, NULL),
	(127, '2024-02-28', '14:20:10', 11, 211, 1, NULL),
	(128, '2024-02-28', '15:59:53', 3, 211, 1, NULL),
	(129, '2024-02-29', '15:51:51', 3, 205, 1, NULL),
	(130, '2024-02-29', '15:56:36', 3, 211, 1, NULL),
	(131, '2024-02-29', '16:06:10', 22, 211, 1, NULL),
	(132, '2024-02-29', '17:09:06', 3, 205, 1, NULL),
	(133, '2024-02-29', '17:10:38', 3, 205, 1, NULL),
	(134, '2024-02-29', '17:45:37', 3, 196, 1, NULL),
	(135, '2024-03-01', '16:35:41', 22, 199, 1, NULL),
	(136, '2024-03-01', '16:43:23', 22, 198, 1, NULL),
	(137, '2024-03-01', '17:04:22', 22, 199, 1, NULL),
	(138, '2024-03-02', '15:57:15', 3, 219, 8, NULL),
	(139, '2024-03-02', '18:32:29', 3, 208, 8, NULL),
	(140, '2024-03-03', '14:41:19', 3, 205, 5, NULL),
	(141, '2024-03-03', '15:00:20', 3, 210, 8, NULL),
	(142, '2024-03-03', '15:01:30', 3, 209, 8, NULL),
	(143, '2024-03-03', '15:17:03', 22, 210, 8, NULL),
	(144, '2024-03-03', '16:56:44', 18, 192, 8, NULL),
	(145, '2024-03-03', '17:06:23', 3, 210, 8, NULL),
	(146, '2024-03-03', '17:28:24', 3, 204, 1, NULL),
	(147, '2024-03-03', '17:28:30', 3, 206, 1, NULL),
	(148, '2024-03-05', '13:41:47', 18, 190, 8, NULL),
	(149, '2024-03-05', '14:14:53', 3, 204, 8, NULL),
	(150, '2024-03-05', '15:41:07', 22, 200, 3, NULL),
	(151, '2024-03-05', '17:22:37', 11, 206, 1, NULL),
	(152, '2024-03-05', '17:26:06', 3, 208, 1, NULL),
	(153, '2024-03-05', '17:47:15', 3, 208, 1, NULL),
	(154, '2024-03-06', '13:27:43', 22, 194, 8, NULL),
	(155, '2024-03-06', '14:00:00', 3, 200, 8, NULL),
	(156, '2024-03-06', '14:25:57', 11, 200, 8, NULL),
	(157, '2024-03-06', '16:52:06', 3, 210, 1, NULL),
	(158, '2024-03-06', '17:09:18', 11, 206, 1, NULL),
	(159, '2024-03-06', '17:10:51', 3, 208, 1, NULL),
	(160, '2024-03-07', '09:32:12', 22, 200, 8, NULL),
	(161, '2024-03-07', '09:32:21', 11, 200, 8, NULL),
	(162, '2024-03-07', '17:31:06', 11, 212, 1, NULL),
	(163, '2024-03-07', '18:09:24', 3, 196, 1, NULL),
	(164, '2024-03-07', '18:11:37', 3, 204, 1, NULL),
	(165, '2024-03-08', '16:15:24', 19, 197, 1, NULL),
	(166, '2024-03-09', '18:11:09', 3, 208, 3, NULL),
	(167, '2024-03-08', '16:20:29', 11, 209, 1, NULL),
	(168, '2024-03-08', '16:48:52', 7, 208, 1, NULL),
	(169, '2024-03-08', '16:58:55', 19, 206, 1, NULL),
	(170, '2024-03-08', '17:04:03', 3, 206, 1, NULL),
	(171, '2024-03-08', '17:48:05', 7, 197, 1, NULL),
	(172, '2024-03-10', '14:44:19', 18, 186, 8, NULL),
	(173, '2024-03-10', '16:28:27', 11, 208, 1, NULL),
	(174, '2024-03-10', '17:04:38', 3, 195, 10, NULL),
	(175, '2024-03-10', '16:28:00', 22, 222, 10, NULL),
	(176, '2024-03-10', '17:38:17', 2, 200, 8, NULL),
	(177, '2024-03-10', '17:49:12', 3, 207, 1, NULL),
	(178, '2024-03-12', '09:12:30', 18, 204, 8, NULL),
	(179, '2024-03-12', '14:35:45', 16, 205, 10, NULL),
	(180, '2024-03-12', '14:40:40', 3, 205, 10, NULL),
	(181, '2024-03-12', '14:56:31', 23, 194, 8, NULL),
	(182, '2024-03-12', '16:51:20', 22, 202, 1, NULL),
	(183, '2024-03-12', '17:22:32', 3, 205, 1, NULL),
	(184, '2024-03-12', '17:22:57', 3, 206, 1, NULL),
	(185, '2024-03-12', '17:35:20', 11, 209, 1, NULL),
	(186, '2024-03-13', '11:55:45', 18, 183, 8, NULL),
	(187, '2024-03-13', '13:16:08', 3, 200, 8, NULL),
	(188, '2024-03-13', '16:33:52', 22, 208, 1, NULL),
	(189, '2024-03-13', '17:10:30', 19, 197, 1, NULL),
	(190, '2024-03-13', '17:38:16', 3, 208, 1, NULL),
	(191, '2024-03-14', '09:19:28', 18, 200, 8, NULL),
	(192, '2024-03-14', '09:44:35', 22, 206, 8, NULL),
	(193, '2024-03-14', '11:15:26', 3, 200, 8, NULL),
	(194, '2024-03-14', '13:32:05', 3, 200, 8, NULL),
	(195, '2024-03-14', '15:22:51', 3, 205, 8, NULL),
	(196, '2024-03-14', '16:31:05', 3, 208, 1, NULL),
	(197, '2024-03-14', '16:47:30', 3, 200, 3, NULL),
	(198, '2024-03-14', '17:24:18', 3, 200, 3, NULL),
	(199, '2024-03-14', '17:24:37', 3, 203, 3, NULL),
	(200, '2024-03-15', '16:41:12', 3, 208, 1, NULL),
	(201, '2024-03-15', '16:56:26', 19, 208, 1, NULL),
	(202, '2024-03-15', '17:30:42', 7, 206, 1, NULL),
	(203, '2024-03-16', '14:25:44', 3, 200, 8, NULL),
	(204, '2024-03-16', '15:51:26', 11, 210, 10, NULL),
	(205, '2024-03-16', '16:40:56', 2, 200, 8, NULL),
	(206, '2024-03-17', '12:43:10', 3, 205, 8, NULL),
	(207, '2024-03-17', '14:21:33', 22, 210, 8, NULL),
	(208, '2024-03-17', '14:54:55', 18, 202, 10, NULL),
	(209, '2024-03-17', '17:37:14', 3, 200, 8, NULL),
	(210, '2024-03-17', '17:57:38', 3, 209, 1, NULL),
	(211, '2024-03-18', '17:39:50', 11, 204, 1, NULL),
	(212, '2024-03-18', '17:39:58', 3, 205, 1, NULL),
	(213, '2024-03-18', '17:43:15', 3, 207, 1, NULL),
	(214, '2024-03-20', '12:10:31', 11, 204, 3, NULL),
	(215, '2024-03-20', '12:35:00', 22, 200, 3, NULL),
	(216, '2024-03-20', '14:37:09', 22, 200, 3, NULL),
	(217, '2024-03-20', '15:19:14', 3, 203, 10, NULL),
	(218, '2024-03-20', '15:51:10', 18, 195, 10, NULL),
	(219, '2024-03-21', '09:05:59', 18, 204, 8, NULL),
	(220, '2024-03-21', '09:26:01', 16, 203, 8, NULL),
	(221, '2024-03-21', '10:13:27', 3, 200, 8, NULL),
	(222, '2024-03-21', '10:13:32', 3, 200, 8, NULL),
	(223, '2024-03-21', '10:42:49', 6, 173, 8, NULL),
	(224, '2024-03-21', '11:14:30', 18, 190, 8, NULL),
	(225, '2024-03-21', '11:28:24', 3, 190, 8, NULL),
	(226, '2024-03-21', '11:29:49', 3, 210, 8, NULL),
	(227, '2024-03-21', '12:28:26', 18, 183, 8, NULL),
	(228, '2024-03-21', '13:16:16', 3, 194, 8, NULL),
	(229, '2024-03-21', '13:18:18', 3, 192, 8, NULL),
	(230, '2024-03-21', '14:10:17', 18, 200, 8, NULL),
	(231, '2024-03-21', '14:30:23', 3, 200, 8, NULL),
	(232, '2024-03-21', '14:30:28', 3, 200, 8, NULL),
	(233, '2024-03-21', '14:50:08', 3, 192, 8, NULL),
	(234, '2024-03-21', '14:50:45', 3, 203, 8, NULL),
	(235, '2024-03-21', '16:06:19', 18, 198, 8, NULL),
	(236, '2024-03-21', '16:13:03', 3, 200, 3, NULL),
	(237, '2024-03-21', '16:37:59', 3, 208, 1, NULL),
	(238, '2024-03-22', '12:50:34', 7, 207, 8, NULL),
	(239, '2024-03-22', '12:57:11', 3, 193, 5, NULL),
	(240, '2024-03-22', '13:30:33', 18, 193, 8, NULL),
	(241, '2024-03-22', '13:30:59', 3, 200, 5, NULL),
	(242, '2024-03-22', '14:39:36', 7, 219, 8, NULL),
	(243, '2024-03-22', '18:56:55', 3, 210, 8, NULL),
	(244, '2024-03-23', '16:13:23', 2, 192, 8, NULL),
	(245, '2024-03-23', '16:13:30', 3, 200, 3, NULL),
	(246, '2024-03-28', '10:24:40', 3, 215, 8, NULL),
	(247, '2024-03-23', '16:21:34', 11, 210, 8, NULL),
	(248, '2024-03-28', '11:01:04', 2, 205, 8, NULL),
	(249, '2024-03-23', '16:21:56', 18, 190, 8, NULL),
	(250, '2024-03-23', '17:37:55', 3, 193, 8, NULL),
	(251, '2024-03-24', '15:14:22', 3, 208, 8, NULL),
	(252, '2024-03-24', '16:05:44', 3, 208, 8, NULL),
	(253, '2024-03-24', '16:32:36', 3, 208, 1, NULL),
	(254, '2024-03-24', '16:32:46', 11, 206, 1, NULL),
	(255, '2024-03-28', '13:43:31', 3, 206, 8, NULL),
	(256, '2024-03-28', '15:31:08', 3, 207, 8, NULL),
	(257, '2024-03-29', '10:06:14', 16, 208, 8, NULL),
	(258, '2024-03-29', '10:14:23', 2, 195, 8, NULL),
	(259, '2024-03-29', '10:19:52', 18, 188, 8, NULL),
	(260, '2024-03-29', '10:28:36', 3, 206, 8, NULL),
	(261, '2024-03-29', '10:44:56', 7, 210, 8, NULL),
	(262, '2024-03-29', '11:24:15', 19, 190, 8, NULL),
	(263, '2024-03-29', '12:07:17', 7, 220, 8, NULL),
	(264, '2024-03-29', '12:57:01', 7, 210, 8, NULL),
	(265, '2024-03-29', '15:43:48', 22, 202, 8, NULL),
	(266, '2024-03-29', '15:44:13', 7, 204, 8, NULL),
	(267, '2024-03-29', '15:54:03', 7, 211, 8, NULL),
	(268, '2024-03-29', '16:59:55', 3, 200, 3, NULL),
	(269, '2024-03-29', '17:20:53', 18, 195, 10, NULL),
	(270, '2024-03-29', '17:21:46', 3, 205, 10, NULL),
	(271, '2024-03-29', '17:39:35', 11, 208, 10, NULL),
	(272, '2024-03-30', '09:11:04', 22, 210, 8, NULL),
	(273, '2024-03-30', '09:11:26', 11, 213, 8, NULL),
	(274, '2024-03-30', '09:33:38', 5, 196, 8, NULL),
	(275, '2024-03-30', '09:33:42', 6, 200, 8, NULL),
	(276, '2024-03-30', '09:31:00', 15, 180, 8, NULL),
	(277, '2024-03-31', '08:46:30', 22, 200, 8, NULL),
	(278, '2024-03-30', '10:11:13', 3, 208, 8, NULL),
	(279, '2024-03-30', '11:13:51', 3, 202, 8, NULL),
	(280, '2024-03-30', '11:37:41', 2, 206, 8, NULL),
	(281, '2024-03-30', '12:00:31', 22, 198, 3, NULL),
	(282, '2024-03-30', '12:00:45', 11, 208, 3, NULL),
	(283, '2024-03-30', '13:37:48', 18, 200, 8, NULL),
	(284, '2024-03-30', '15:44:04', 3, 188, 10, NULL),
	(285, '2024-03-30', '16:00:42', 11, 202, 10, NULL),
	(286, '2024-03-30', '16:11:20', 22, 200, 3, NULL),
	(287, '2024-03-30', '17:17:02', 2, 205, 10, NULL),
	(288, '2024-03-31', '08:53:59', 8, 200, 8, NULL),
	(289, '2024-03-31', '08:54:06', 13, 200, 8, NULL),
	(290, '2024-03-31', '08:54:39', 23, 208, 8, NULL),
	(291, '2024-03-31', '09:10:29', 18, 204, 8, NULL),
	(292, '2024-03-31', '09:24:46', 3, 207, 8, NULL),
	(293, '2024-03-31', '11:30:45', 3, 198, 8, NULL),
	(294, '2024-03-31', '11:30:51', 3, 200, 8, NULL),
	(295, '2024-03-31', '12:42:51', 22, 200, 8, NULL),
	(296, '2024-04-02', '09:43:40', 22, 200, 8, NULL),
	(297, '2024-04-02', '09:44:08', 11, 190, 8, NULL),
	(298, '2024-04-02', '10:06:06', 6, 180, 8, NULL),
	(299, '2024-04-02', '10:11:40', 18, 187, 8, NULL),
	(300, '2024-04-02', '10:26:02', 3, 200, 8, NULL),
	(301, '2024-04-02', '11:37:51', 4, 200, 8, NULL),
	(302, '2024-04-02', '12:29:09', 3, 180, 8, NULL),
	(303, '2024-04-02', '13:53:19', 3, 200, 11, NULL),
	(304, '2024-04-02', '15:56:52', 22, 208, 3, NULL),
	(305, '2024-04-02', '16:32:35', 3, 203, 3, NULL),
	(306, '2024-04-02', '17:01:52', 18, 190, 10, NULL),
	(307, '2024-04-02', '17:57:27', 3, 215, 10, NULL),
	(308, '2024-04-03', '09:06:37', 18, 190, 8, NULL),
	(309, '2024-04-03', '09:57:50', 22, 207, 8, NULL),
	(310, '2024-04-03', '10:35:00', 3, 202, 3, NULL),
	(311, '2024-04-04', '15:43:46', 3, 210, 3, NULL),
	(312, '2024-04-03', '10:57:14', 6, 204, 3, NULL),
	(313, '2024-04-03', '12:59:30', 22, 192, 8, NULL),
	(314, '2024-04-03', '13:10:16', 11, 210, 8, NULL),
	(315, '2024-04-03', '14:30:25', 3, 200, 8, NULL),
	(316, '2024-04-03', '17:01:34', 3, 205, 10, NULL),
	(317, '2024-04-04', '15:44:40', 3, 208, 3, NULL),
	(318, '2024-04-04', '16:05:34', 11, 210, 3, NULL),
	(319, '2024-04-04', '16:46:12', 3, 210, 3, NULL),
	(320, '2024-04-04', '16:46:29', 3, 213, 3, NULL),
	(321, '2024-04-04', '17:50:09', 3, 210, 3, NULL),
	(322, '2024-04-04', '17:50:56', 22, 200, 3, NULL),
	(323, '2024-04-04', '17:54:13', 11, 203, 1, NULL),
	(324, '2024-04-05', '16:42:38', 11, 200, 10, NULL),
	(325, '2024-04-06', '15:24:08', 3, 211, 8, NULL),
	(326, '2024-04-06', '15:25:04', 3, 200, 8, NULL),
	(327, '2024-04-06', '18:15:00', 3, 200, 8, NULL),
	(328, '2024-04-06', '18:20:39', 3, 195, 8, NULL);

-- Dumping structure for table CookLog.items
CREATE OR REPLACE TABLE `items` (
  `ID` mediumint(8) unsigned NOT NULL AUTO_INCREMENT,
  `Item` varchar(40) NOT NULL DEFAULT '0',
  `MinTemp` tinyint(3) unsigned NOT NULL,
  `Minutes` tinyint(3) unsigned DEFAULT NULL,
  `Method` tinyint(3) unsigned NOT NULL,
  `Comment` varchar(100) DEFAULT NULL,
  PRIMARY KEY (`ID`),
  KEY `FK_items_methods` (`Method`),
  CONSTRAINT `FK_items_methods` FOREIGN KEY (`Method`) REFERENCES `methods` (`ID`) ON DELETE NO ACTION
) ENGINE=InnoDB AUTO_INCREMENT=25 DEFAULT CHARSET=latin1 COLLATE=latin1_swedish_ci;

-- Dumping data for table CookLog.items: ~23 rows (approximately)
INSERT IGNORE INTO `items` (`ID`, `Item`, `MinTemp`, `Minutes`, `Method`, `Comment`) VALUES
	(2, '8 Piece Chicken Baked', 165, 30, 1, NULL),
	(3, '8 Piece Chicken Fried', 165, 15, 2, NULL),
	(4, 'Casserole', 165, 30, 1, NULL),
	(5, 'CornDogs', 165, 8, 2, NULL),
	(6, 'Egg Roll', 165, 6, 2, NULL),
	(7, 'Fish', 165, 8, 1, NULL),
	(8, 'Gravy', 165, NULL, 1, NULL),
	(9, 'Hot Sandwich', 165, 20, 1, NULL),
	(10, 'Hot Veggie', 165, NULL, 1, NULL),
	(11, 'JoJo\'s', 165, 7, 2, NULL),
	(12, 'Lasagna', 165, 50, 1, NULL),
	(13, 'Mac and Cheese', 165, NULL, 1, NULL),
	(14, 'Mashed Potatoes', 165, NULL, 1, NULL),
	(15, 'Meatloaf', 165, 20, 1, NULL),
	(16, 'Nuggets', 165, 8, 2, NULL),
	(17, 'Pork Chops', 165, NULL, 1, NULL),
	(18, 'Rotisserie Chicken', 181, 60, 1, NULL),
	(19, 'Shrimp', 165, 2, 2, NULL),
	(20, 'Stuffed Beef Cabage', 165, 40, 1, NULL),
	(21, 'Swedish Meetballs', 165, 50, 1, NULL),
	(22, 'Tenders', 170, 8, 2, NULL),
	(23, 'Wild Rice Meatballs', 165, 25, 1, NULL),
	(24, 'Wing Dings', 165, 8, 2, NULL);

-- Dumping structure for table CookLog.methods
CREATE OR REPLACE TABLE `methods` (
  `ID` tinyint(3) unsigned NOT NULL AUTO_INCREMENT,
  `Method` varchar(20) NOT NULL,
  `Comment` varchar(50) DEFAULT NULL,
  PRIMARY KEY (`ID`)
) ENGINE=InnoDB AUTO_INCREMENT=3 DEFAULT CHARSET=latin1 COLLATE=latin1_swedish_ci;

-- Dumping data for table CookLog.methods: ~2 rows (approximately)
INSERT IGNORE INTO `methods` (`ID`, `Method`, `Comment`) VALUES
	(1, 'Baked', NULL),
	(2, 'Fried', NULL);

-- Dumping structure for trigger CookLog.cook_validate_temp
SET @OLDTMP_SQL_MODE=@@SQL_MODE, SQL_MODE='STRICT_TRANS_TABLES,ERROR_FOR_DIVISION_BY_ZERO,NO_AUTO_CREATE_USER,NO_ENGINE_SUBSTITUTION';
DELIMITER //
CREATE OR REPLACE TRIGGER `cook_validate_temp` BEFORE INSERT ON `cook` FOR EACH ROW BEGIN
	IF(
		(SELECT `MinTemp` FROM `items` WHERE `ID` = new.`ItemID`)
		> new.`Temp`
	) THEN
		SIGNAL SQLSTATE '45000'
		SET MYSQL_ERRNO=30001,
		MESSAGE_TEXT= 'This item is still raw!';
	END IF;
END//
DELIMITER ;
SET SQL_MODE=@OLDTMP_SQL_MODE;


-- Dumping database structure for SaladLog
CREATE DATABASE IF NOT EXISTS `SaladLog` /*!40100 DEFAULT CHARACTER SET latin1 COLLATE latin1_swedish_ci */;
USE `SaladLog`;

-- Dumping structure for table SaladLog.items
CREATE OR REPLACE TABLE `items` (
  `ID` int(10) unsigned NOT NULL AUTO_INCREMENT,
  `Salad` varchar(40) NOT NULL,
  `Life` tinyint(3) unsigned NOT NULL,
  `Comment` varchar(100) DEFAULT '',
  PRIMARY KEY (`ID`),
  CONSTRAINT `ZeroLife` CHECK (`Life` > 0)
) ENGINE=InnoDB AUTO_INCREMENT=86 DEFAULT CHARSET=latin1 COLLATE=latin1_swedish_ci;

-- Dumping data for table SaladLog.items: ~46 rows (approximately)
INSERT IGNORE INTO `items` (`ID`, `Salad`, `Life`, `Comment`) VALUES
	(40, 'Beets and Onion', 7, ''),
	(41, 'Blueberry Cheese Cake', 7, ''),
	(42, 'Brocoli Bacon', 5, ''),
	(43, 'Brocoli Chedder', 5, ''),
	(44, 'Cheddar Brocoli', 5, ''),
	(45, 'Cheese Tortaleni', 7, ''),
	(46, 'Cherry Cheese Cake', 7, ''),
	(47, 'Cherry Cheesecake', 7, ''),
	(48, 'Chicken Spread', 5, ''),
	(49, 'Coleslaw', 7, ''),
	(50, 'Cookies N\' Cream', 7, ''),
	(51, 'Cowboy Cavar', 7, ''),
	(52, 'Crab Dip Spread', 7, ''),
	(53, 'Cranberry Orange Relish', 7, ''),
	(54, 'Cranberry Walnut', 5, ''),
	(55, 'Cucumber and Onion', 7, ''),
	(56, 'Develed Egg Potato Salad', 7, ''),
	(57, 'Dill Potato Salad', 5, ''),
	(58, 'Egg Salad', 7, ''),
	(59, 'Fruit Salad', 7, ''),
	(60, 'Ham Salad', 7, ''),
	(61, 'Ham Spread', 7, ''),
	(62, 'Ham and Cheese', 5, ''),
	(63, 'Honey Chicken Salad', 7, ''),
	(64, 'Italian Pasta', 7, ''),
	(65, 'Jalapeno Popper', 7, ''),
	(66, 'Lemon Garlic Shrimp Salad', 5, ''),
	(67, 'Macaroni Salad', 7, ''),
	(68, 'Mushroom Salad', 7, ''),
	(69, 'Oriental Crunch', 5, ''),
	(70, 'Parmasan Bowtie', 5, ''),
	(71, 'Parmasan Peppercorn', 7, ''),
	(72, 'Parmesan Peppercorn', 7, ''),
	(73, 'Pepper Slaw', 7, ''),
	(74, 'Pistachio Pineapple', 7, ''),
	(75, 'Potato Salad', 7, ''),
	(76, 'Rice Pudding', 7, ''),
	(77, 'Seafood Macaroni', 7, ''),
	(78, 'Seafood Supream', 7, ''),
	(79, 'Smoked Gouda', 7, ''),
	(80, 'Spring Pasta Salad', 7, ''),
	(81, 'Steak House Potato Salad', 7, ''),
	(82, 'Strawberry Supprise', 7, ''),
	(83, 'Summer Fresh', 7, ''),
	(84, 'Three Bean Salad', 7, ''),
	(85, 'Tuna Macaroni', 5, '');

-- Dumping structure for table SaladLog.salad
CREATE OR REPLACE TABLE `salad` (
  `ID` bigint(20) unsigned NOT NULL AUTO_INCREMENT,
  `Date` date NOT NULL DEFAULT curdate(),
  `Time` time NOT NULL DEFAULT curtime(),
  `SaladID` int(10) unsigned NOT NULL,
  `MeatAge` tinyint(3) unsigned NOT NULL DEFAULT 0,
  `Expires` date NOT NULL,
  `Ack` tinyint(1) DEFAULT 0,
  `Person` smallint(5) unsigned DEFAULT NULL,
  `Comment` varchar(75) DEFAULT NULL,
  PRIMARY KEY (`ID`),
  KEY `FK_salad_Work.people` (`Person`),
  KEY `FK_salad_items` (`SaladID`) USING BTREE,
  CONSTRAINT `FK_salad_Work.people` FOREIGN KEY (`Person`) REFERENCES `Work`.`people` (`ID`) ON DELETE NO ACTION ON UPDATE NO ACTION,
  CONSTRAINT `FK_salad_items` FOREIGN KEY (`SaladID`) REFERENCES `items` (`ID`) ON DELETE NO ACTION ON UPDATE NO ACTION,
  CONSTRAINT `ValidExpires` CHECK (`Date` < `Expires`)
) ENGINE=InnoDB AUTO_INCREMENT=165 DEFAULT CHARSET=latin1 COLLATE=latin1_swedish_ci;

-- Dumping data for table SaladLog.salad: ~123 rows (approximately)
INSERT IGNORE INTO `salad` (`ID`, `Date`, `Time`, `SaladID`, `MeatAge`, `Expires`, `Ack`, `Person`, `Comment`) VALUES
	(37, '2024-02-06', '16:49:33', 74, 0, '2024-02-14', 1, NULL, NULL),
	(38, '2024-02-06', '16:53:33', 80, 0, '2024-02-14', 1, NULL, NULL),
	(39, '2024-02-06', '16:53:53', 72, 0, '2024-02-14', 1, NULL, NULL),
	(40, '2024-02-06', '16:54:06', 51, 0, '2024-02-14', 1, NULL, NULL),
	(41, '2024-02-07', '16:54:28', 73, 0, '2024-02-15', 1, NULL, NULL),
	(42, '2024-02-07', '16:54:36', 64, 0, '2024-02-15', 1, NULL, NULL),
	(43, '2024-02-07', '16:56:46', 74, 0, '2024-02-15', 1, NULL, NULL),
	(44, '2024-02-10', '17:08:28', 63, 0, '2024-02-18', 1, NULL, NULL),
	(45, '2024-02-13', '07:00:00', 74, 0, '2024-02-20', 1, NULL, NULL),
	(46, '2024-02-13', '07:00:00', 49, 0, '2024-02-20', 1, NULL, NULL),
	(47, '2024-02-13', '07:00:00', 64, 0, '2024-02-20', 1, NULL, NULL),
	(48, '2024-02-14', '06:00:00', 84, 0, '2024-02-21', 1, NULL, NULL),
	(49, '2024-02-14', '06:00:00', 70, 0, '2024-02-19', 1, NULL, NULL),
	(50, '2024-02-14', '06:00:00', 55, 0, '2024-02-21', 1, NULL, NULL),
	(51, '2024-02-14', '14:30:06', 42, 0, '2024-02-20', 1, NULL, NULL),
	(53, '2024-02-15', '07:33:30', 75, 0, '2024-02-22', 1, NULL, NULL),
	(54, '2024-02-15', '07:33:36', 49, 0, '2024-02-22', 1, NULL, NULL),
	(55, '2024-02-15', '07:40:05', 83, 0, '2024-02-22', 1, NULL, NULL),
	(56, '2024-02-15', '07:43:46', 51, 0, '2024-02-22', 1, NULL, NULL),
	(57, '2024-02-13', '07:53:05', 78, 2, '2024-02-18', 1, NULL, NULL),
	(58, '2024-02-15', '09:13:31', 74, 0, '2024-02-22', 1, NULL, NULL),
	(59, '2024-02-15', '14:02:00', 57, 0, '2024-02-21', 1, NULL, NULL),
	(60, '2024-02-17', '12:41:42', 42, 0, '2024-02-22', 1, NULL, NULL),
	(61, '2024-02-17', '14:54:04', 51, 0, '2024-02-25', 1, NULL, NULL),
	(62, '2024-02-17', '16:24:41', 51, 0, '2024-02-25', 1, NULL, NULL),
	(63, '2024-02-17', '17:36:52', 49, 5, '2024-02-20', 1, NULL, NULL),
	(64, '2024-02-17', '12:00:00', 78, 2, '2024-02-22', 1, NULL, NULL),
	(65, '2024-02-19', '09:04:34', 75, 0, '2024-02-26', 1, NULL, NULL),
	(66, '2024-02-19', '07:30:00', 49, 0, '2024-02-26', 1, NULL, NULL),
	(67, '2024-02-17', '08:00:00', 84, 0, '2024-02-24', 1, NULL, NULL),
	(68, '2024-02-19', '10:50:18', 66, 0, '2024-02-24', 1, NULL, NULL),
	(69, '2024-02-19', '07:30:00', 70, 0, '2024-02-24', 1, NULL, NULL),
	(70, '2024-02-20', '16:00:00', 57, 0, '2024-02-26', 1, NULL, NULL),
	(72, '2024-02-21', '07:41:07', 47, 0, '2024-02-28', 1, NULL, NULL),
	(73, '2024-02-21', '14:53:51', 69, 0, '2024-02-27', 1, NULL, NULL),
	(74, '2024-02-24', '15:21:36', 42, 0, '2024-03-01', 1, NULL, NULL),
	(75, '2024-02-24', '15:40:15', 57, 0, '2024-03-01', 1, NULL, NULL),
	(76, '2024-02-26', '08:33:08', 40, 0, '2024-03-04', 1, NULL, NULL),
	(77, '2024-02-26', '08:34:17', 85, 0, '2024-03-02', 1, NULL, NULL),
	(78, '2024-02-26', '08:36:21', 65, 0, '2024-03-04', 1, NULL, NULL),
	(79, '2024-02-26', '12:35:00', 83, 0, '2024-03-04', 1, NULL, NULL),
	(80, '2024-02-27', '07:08:37', 42, 0, '2024-03-03', 1, NULL, NULL),
	(81, '2024-02-28', '07:28:52', 73, 0, '2024-03-06', 1, NULL, NULL),
	(82, '2024-02-28', '07:30:20', 50, 0, '2024-03-06', 1, NULL, NULL),
	(83, '2024-03-04', '07:06:37', 85, 0, '2024-03-09', 1, NULL, NULL),
	(84, '2024-03-04', '07:06:48', 42, 0, '2024-03-09', 1, NULL, NULL),
	(85, '2024-03-04', '07:07:24', 72, 0, '2024-03-11', 1, NULL, NULL),
	(86, '2024-03-04', '07:07:35', 75, 0, '2024-03-11', 1, NULL, NULL),
	(87, '2024-03-05', '07:07:39', 70, 0, '2024-03-10', 1, NULL, NULL),
	(88, '2024-03-04', '07:09:33', 45, 0, '2024-03-11', 1, NULL, NULL),
	(89, '2024-03-05', '07:10:53', 44, 0, '2024-03-10', 1, NULL, NULL),
	(90, '2024-03-05', '07:39:41', 51, 0, '2024-03-12', 1, NULL, NULL),
	(91, '2024-03-05', '10:28:01', 49, 0, '2024-03-12', 1, NULL, NULL),
	(92, '2024-03-05', '14:10:51', 60, 0, '2024-03-13', 1, NULL, NULL),
	(93, '2024-03-06', '07:16:44', 75, 0, '2024-03-13', 1, NULL, NULL),
	(94, '2024-03-06', '07:24:22', 45, 0, '2024-03-13', 1, NULL, NULL),
	(95, '2024-03-06', '07:26:55', 73, 0, '2024-03-13', 1, NULL, NULL),
	(96, '2024-03-07', '07:49:19', 77, 0, '2024-03-14', 1, NULL, NULL),
	(97, '2024-03-07', '07:57:29', 74, 0, '2024-03-14', 1, NULL, NULL),
	(98, '2024-03-09', '14:35:21', 57, 0, '2024-03-15', 1, NULL, NULL),
	(99, '2024-03-09', '15:57:11', 75, 0, '2024-03-17', 1, NULL, NULL),
	(100, '2024-03-10', '15:04:56', 51, 0, '2024-03-18', 1, NULL, NULL),
	(101, '2024-03-10', '08:00:00', 84, 0, '2024-03-17', 1, NULL, NULL),
	(102, '2024-03-08', '08:00:00', 72, 0, '2024-03-15', 1, NULL, NULL),
	(103, '2024-03-08', '08:00:00', 64, 0, '2024-03-15', 1, NULL, NULL),
	(104, '2024-03-08', '08:00:00', 55, 0, '2024-03-15', 1, NULL, NULL),
	(105, '2024-03-08', '08:00:00', 74, 0, '2024-03-15', 1, NULL, NULL),
	(106, '2024-03-10', '08:00:00', 84, 0, '2024-03-17', 1, NULL, NULL),
	(107, '2024-03-09', '08:00:00', 83, 0, '2024-03-16', 1, NULL, NULL),
	(108, '2024-03-09', '08:00:00', 75, 0, '2024-03-16', 1, NULL, NULL),
	(109, '2024-03-09', '08:00:00', 49, 0, '2024-03-16', 1, NULL, NULL),
	(110, '2024-03-10', '08:00:00', 42, 0, '2024-03-15', 1, NULL, NULL),
	(111, '2024-03-09', '08:00:00', 57, 0, '2024-03-14', 1, NULL, NULL),
	(112, '2024-03-09', '08:00:00', 55, 0, '2024-03-16', 1, NULL, NULL),
	(113, '2024-03-09', '08:00:00', 50, 0, '2024-03-16', 1, NULL, NULL),
	(114, '2024-03-10', '15:34:51', 70, 0, '2024-03-16', 1, NULL, NULL),
	(115, '2024-03-10', '15:59:05', 75, 0, '2024-03-18', 1, NULL, NULL),
	(116, '2024-03-11', '07:05:01', 83, 0, '2024-03-18', 1, NULL, NULL),
	(117, '2024-03-11', '07:05:09', 77, 0, '2024-03-18', 1, NULL, NULL),
	(118, '2024-03-12', '07:25:44', 79, 0, '2024-03-19', 1, NULL, NULL),
	(119, '2024-03-12', '07:26:10', 55, 0, '2024-03-19', 1, NULL, NULL),
	(120, '2024-03-12', '07:27:09', 44, 0, '2024-03-17', 1, NULL, NULL),
	(121, '2024-03-11', '07:11:22', 57, 0, '2024-03-16', 1, NULL, NULL),
	(122, '2024-03-14', '07:37:28', 49, 0, '2024-03-21', 1, NULL, NULL),
	(123, '2024-03-14', '07:37:31', 55, 0, '2024-03-21', 1, NULL, NULL),
	(124, '2024-03-14', '13:04:11', 70, 0, '2024-03-19', 1, NULL, NULL),
	(125, '2024-03-15', '13:04:46', 57, 0, '2024-03-20', 1, NULL, NULL),
	(126, '2024-03-21', '13:18:29', 75, 0, '2024-03-28', 1, NULL, NULL),
	(128, '2024-03-11', '07:11:00', 83, 0, '2024-03-18', 1, NULL, NULL),
	(130, '2024-03-11', '07:11:43', 78, 0, '2024-03-18', 1, NULL, NULL),
	(131, '2024-03-19', '07:12:02', 79, 0, '2024-03-26', 1, NULL, NULL),
	(132, '2024-03-19', '07:12:21', 45, 0, '2024-03-26', 1, NULL, NULL),
	(133, '2024-03-19', '07:12:41', 80, 0, '2024-03-26', 1, NULL, NULL),
	(134, '2024-03-20', '07:12:54', 75, 0, '2024-03-27', 1, NULL, NULL),
	(135, '2024-03-25', '07:13:17', 42, 0, '2024-03-30', 1, NULL, NULL),
	(136, '2024-03-25', '07:13:28', 43, 0, '2024-03-30', 1, NULL, NULL),
	(137, '2024-03-25', '07:13:47', 82, 0, '2024-04-01', 1, NULL, NULL),
	(138, '2024-03-26', '07:13:58', 75, 0, '2024-04-02', 1, NULL, NULL),
	(139, '2024-03-26', '07:14:12', 49, 0, '2024-04-02', 1, NULL, NULL),
	(140, '2024-03-26', '07:14:21', 59, 0, '2024-04-02', 1, NULL, NULL),
	(141, '2024-03-28', '07:14:32', 55, 0, '2024-04-04', 0, NULL, NULL),
	(142, '2024-03-28', '07:14:40', 84, 0, '2024-04-04', 0, NULL, NULL),
	(143, '2024-03-28', '07:14:48', 42, 0, '2024-04-02', 1, NULL, NULL),
	(144, '2024-03-28', '07:14:57', 41, 0, '2024-04-04', 0, NULL, NULL),
	(145, '2024-03-11', '07:16:18', 83, 0, '2024-03-18', 1, NULL, NULL),
	(146, '2024-03-11', '07:16:37', 77, 0, '2024-03-18', 1, NULL, NULL),
	(147, '2024-03-29', '09:07:05', 47, 0, '2024-04-05', 1, NULL, NULL),
	(148, '2024-03-29', '09:07:13', 72, 0, '2024-04-05', 0, NULL, NULL),
	(149, '2024-03-29', '09:07:19', 73, 0, '2024-04-05', 0, NULL, NULL),
	(150, '2024-03-29', '09:07:28', 40, 0, '2024-04-05', 0, NULL, NULL),
	(151, '2024-03-29', '09:00:00', 59, 1, '2024-04-04', 0, NULL, NULL),
	(152, '2024-03-30', '07:21:45', 75, 0, '2024-04-06', 1, NULL, NULL),
	(153, '2024-03-30', '07:21:47', 49, 0, '2024-04-06', 1, NULL, NULL),
	(154, '2024-03-30', '07:33:44', 83, 0, '2024-04-06', 0, NULL, NULL),
	(155, '2024-03-30', '10:37:18', 62, 0, '2024-04-04', 0, NULL, NULL),
	(156, '2024-03-30', '11:35:32', 57, 0, '2024-04-04', 0, NULL, NULL),
	(157, '2024-03-31', '07:59:10', 47, 0, '2024-04-07', 0, NULL, NULL),
	(158, '2024-03-31', '07:59:13', 82, 0, '2024-04-07', 0, NULL, NULL),
	(159, '2024-03-31', '07:59:36', 65, 0, '2024-04-07', 0, NULL, NULL),
	(161, '2024-04-01', '07:22:51', 49, 0, '2024-04-08', 0, NULL, NULL),
	(162, '2024-04-03', '07:23:15', 42, 0, '2024-04-08', 1, NULL, NULL),
	(163, '2024-04-03', '07:23:21', 75, 0, '2024-04-10', 0, NULL, NULL),
	(164, '2024-04-06', '17:18:18', 42, 0, '2024-04-12', 0, NULL, NULL);

-- Dumping structure for table SaladLog.vars
CREATE OR REPLACE TABLE `vars` (
  `Key` varchar(20) DEFAULT NULL,
  `Value` varchar(200) DEFAULT NULL
) ENGINE=InnoDB DEFAULT CHARSET=latin1 COLLATE=latin1_swedish_ci;

-- Dumping data for table SaladLog.vars: ~1 rows (approximately)
INSERT IGNORE INTO `vars` (`Key`, `Value`) VALUES
	('RollOverTime', '12:00');

drop trigger IF EXISTS `salad_auto_ack`;
drop trigger IF EXISTS `salad_calculate_expires`;


-- Dumping structure for trigger SaladLog.salad_calculate_expires
SET @OLDTMP_SQL_MODE=@@SQL_MODE, SQL_MODE='STRICT_TRANS_TABLES,ERROR_FOR_DIVISION_BY_ZERO,NO_AUTO_CREATE_USER,NO_ENGINE_SUBSTITUTION';
DELIMITER //
CREATE OR REPLACE TRIGGER `salad_trigger` BEFORE INSERT ON `salad` FOR EACH ROW BEGIN
	SET NEW.`Expires` = 
		NEW.`Date` +
		INTERVAL (
			SELECT `Life`
				FROM `items`
				WHERE `ID` = NEW.`SaladID`
		) - NEW.`MeatAge` DAY;
	
	IF(
		(
			SELECT CAST(`Value` AS TIME)
				FROM `vars`
				WHERE `Key` = 'RollOverTime'
		) <= NEW.`Time`
	) THEN
		SET NEW.`Expires` = NEW.`Expires` + INTERVAL 1 DAY;
	END IF;
END//
DELIMITER ;
SET SQL_MODE=@OLDTMP_SQL_MODE;

`ID` bigint(20) unsigned NOT NULL AUTO_INCREMENT,
  `Date` date NOT NULL DEFAULT curdate(),
  `Time` time NOT NULL DEFAULT curtime(),
  `SaladID` int(10) unsigned NOT NULL,
  `MeatAge` tinyint(3) unsigned NOT NULL DEFAULT 0,
  `Expires` date NOT NULL,
  `Ack` tinyint(1) DEFAULT 0,
  `Person` smallint(5) unsigned DEFAULT NULL,
  `Comment` varchar(75) DEFAULT NULL,
-- Dumping database structure for Work
CREATE DATABASE IF NOT EXISTS `Work` /*!40100 DEFAULT CHARACTER SET latin1 COLLATE latin1_swedish_ci */;
USE `Work`;

-- Dumping structure for table Work.people
CREATE OR REPLACE TABLE `people` (
  `ID` smallint(5) unsigned NOT NULL AUTO_INCREMENT,
  `Name` varchar(20) NOT NULL,
  `Active` tinyint(1) NOT NULL DEFAULT 0,
  `Comment` varchar(300) DEFAULT NULL,
  PRIMARY KEY (`ID`)
) ENGINE=InnoDB AUTO_INCREMENT=12 DEFAULT CHARSET=latin1 COLLATE=latin1_swedish_ci;

-- Dumping data for table Work.people: ~11 rows (approximately)
INSERT IGNORE INTO `people` (`ID`, `Name`, `Active`, `Comment`) VALUES
-- https://randompokemon.com/?n=6&region=all&type=dragon&legendaries=true&stadiumRentals=false&nfes=true&sprites=true&natures=false&forms=true
INSERT INTO `people` (`ID`, `Name`, `Active`, `Comment`) VALUES
	(1, 'Reshiram', 1, 'Imported'),
	(2, 'Koraidon', 1, 'Imported'),
	(3, 'Rayquaza', 1, 'Imported'),
	(4, 'Kommo-o', 1, 'Imported'),
	(5, 'Dragapult', 1, 'Imported'),
	(6, 'Noivern', 1, 'Imported'),
	(7, 'Haxorus', 1, 'Imported'),
	(8, 'Zekrom', 1, 'Imported'),
	(9, 'Kyurem Black', 1, 'Imported'),
	(10, 'Garchomp', 1, 'Imported'),
	(11, 'Miraidon', 1, 'Imported');

/*!40103 SET TIME_ZONE=IFNULL(@OLD_TIME_ZONE, 'system') */;
/*!40101 SET SQL_MODE=IFNULL(@OLD_SQL_MODE, '') */;
/*!40014 SET FOREIGN_KEY_CHECKS=IFNULL(@OLD_FOREIGN_KEY_CHECKS, 1) */;
/*!40101 SET CHARACTER_SET_CLIENT=@OLD_CHARACTER_SET_CLIENT */;
/*!40111 SET SQL_NOTES=IFNULL(@OLD_SQL_NOTES, 1) */;
